{"cameraMode":{"drawMode":0,"name":"Shaded","section":"Shading Mode"},"sceneLighting":true,"audioPlay":false,"sceneViewState":{"m_AlwaysRefresh":false,"showFog":true,"showSkybox":true,"showFlares":true,"showImageEffects":true,"showParticleSystems":true,"showVisualEffectGraphs":true,"m_FxEnabled":true},"in2DMode":false,"pivot":{"x":9.57604694366455,"y":0.5812820196151733,"z":-2.8821592330932619},"rotation":{"x":0.041594963520765308,"y":0.927345871925354,"z":-0.10843122005462647,"w":0.3557366132736206},"size":20.318517684936525,"orthographic":false}