{"cameraMode":{"drawMode":0,"name":"Shaded","section":"Shading Mode"},"sceneLighting":true,"audioPlay":false,"sceneViewState":{"m_AlwaysRefresh":false,"showFog":true,"showSkybox":true,"showFlares":true,"showImageEffects":true,"showParticleSystems":true,"showVisualEffectGraphs":true,"m_FxEnabled":true},"in2DMode":false,"pivot":{"x":13.149742126464844,"y":6.522071838378906,"z":1.300335168838501},"rotation":{"x":0.035616181790828708,"y":0.9185675978660584,"z":-0.08511563390493393,"w":0.38435789942741396},"size":31.466402053833009,"orthographic":false}