{"cameraMode":{"drawMode":0,"name":"Shaded","section":"Shading Mode"},"sceneLighting":true,"audioPlay":false,"sceneViewState":{"m_AlwaysRefresh":false,"showFog":true,"showSkybox":true,"showFlares":true,"showImageEffects":true,"showParticleSystems":true,"showVisualEffectGraphs":true,"m_FxEnabled":true},"in2DMode":false,"pivot":{"x":12.736625671386719,"y":6.614777565002441,"z":0.8385214805603027},"rotation":{"x":0.07120347768068314,"y":0.8359264135360718,"z":-0.11175123602151871,"w":0.5326164960861206},"size":19.62398910522461,"orthographic":false}